	MES,CONGLOME,VIVIENDA,HOGAR,CODPERSO,UBIGEO,DOMINIO,ESTRATO,CODINFOR,P300N,P300I,P300A,P301A
3,16171,6,11,1,70106,8,1,1,1,1,4,6
3,16171,6,11,2,70106,8,1,2,2,2,4,4
3,16171,6,11,3,70106,8,1,1,3,1,4,5
3,16171,6,11,4,70106,8,1,1,4,1,4,3
3,16171,24,12,1,70106,8,1,1,1,1,4,6
3,16171,24,12,2,70106,8,1,2,2,2,4,4
3,16171,24,12,3,70106,8,1,2,3,2,4,6
3,16171,24,22,1,70106,8,1,1,1,1,4,6
3,16171,24,22,2,70106,8,1,2,2,2,4,6
3,16171,24,22,3,70106,8,1,1,3,1,4,6
3,16171,24,22,4,70106,8,1,4,4,4,4,6
3,16171,24,22,5,70106,8,1,1,5,1,4,3
3,16171,56,11,1,70106,8,1,2,1,2,4,6
3,16171,56,11,2,70106,8,1,2,2,2,4,6
3,16171,56,11,3,70106,8,1,2,3,2,4,5
3,16171,90,11,1,70106,8,1,1,1,1,4,5
3,16171,90,11,2,70106,8,1,2,2,2,4,5
3,16171,90,11,3,70106,8,1,2,3,2,14,3
3,16171,90,11,4,70106,8,1,2,4,2,4,2
3,16171,90,11,7,70106,8,1,7,7,7,4,3
3,16171,90,11,8,70106,8,1,7,8,7,4,6
3,16171,90,11,9,70106,8,1,9,9,9,4,5
3,16171,107,12,1,70106,8,1,1,1,1,4,4
3,16171,107,12,2,70106,8,1,1,2,1,4,7
3,16171,107,12,3,70106,8,1,1,3,1,4,3
3,16173,12,11,1,70101,8,1,1,1,1,1,3
3,16173,12,11,2,70101,8,1,5,2,5,1,3
3,16173,12,11,3,70101,8,1,3,3,3,4,6
3,16173,12,11,4,70101,8,1,4,4,4,4,6
3,16173,12,11,5,70101,8,1,5,5,5,4,6
3,16173,12,11,6,70101,8,1,5,6,5,8,1
3,16173,50,11,1,70101,8,1,1,1,1,4,6
3,16173,50,11,2,70101,8,1,1,2,1,4,6
3,16173,50,11,3,70101,8,1,3,3,3,4,8
3,16173,50,11,4,70101,8,1,4,4,4,4,6
3,16173,50,11,5,70101,8,1,5,5,5,4,5
3,16173,50,11,6,70101,8,1,1,6,1,4,5
3,16173,50,11,7,70101,8,1,4,7,4,4,5
3,16173,69,11,1,70101,8,1,1,1,1,4,5
3,16173,107,11,1,70101,8,1,1,1,1,4,4
3,16173,107,11,2,70101,8,1,1,2,1,4,5
3,16173,107,11,3,70101,8,1,1,3,1,4,5
3,16173,107,11,4,70101,8,1,1,4,1,4,1
3,16173,126,11,1,70101,8,1,1,1,1,4,8
3,16173,126,11,2,70101,8,1,1,2,1,4,6
3,16173,126,11,3,70101,8,1,3,3,3,4,6
3,16173,126,11,4,70101,8,1,4,4,4,4,5
3,16173,144,11,1,70101,8,1,1,1,1,4,9
3,16173,144,11,2,70101,8,1,1,2,1,4,5
3,16186,48,11,1,70101,8,1,1,1,1,4,6
3,16186,48,11,2,70101,8,1,1,2,1,4,6
3,16186,48,11,3,70101,8,1,1,3,1,4,4
3,16186,48,11,4,70101,8,1,1,4,1,4,2
3,16186,48,11,5,70101,8,1,1,5,1,4,1
3,16186,64,11,1,70101,8,1,1,1,1,2,1
3,16186,64,11,2,70101,8,1,2,2,2,2,1
3,16186,81,11,1,70101,8,1,1,1,1,4,4
3,16186,81,11,2,70101,8,1,1,2,1,4,8
3,16186,81,11,3,70101,8,1,3,3,3,4,5
3,16186,97,11,1,70101,8,1,1,1,1,4,6
3,16186,97,11,2,70101,8,1,1,2,1,4,11
3,16186,97,11,3,70101,8,1,1,3,1,4,9
3,16186,97,11,4,70101,8,1,1,4,1,4,3
3,16186,114,11,1,70101,8,1,2,1,2,4,5
3,16186,114,11,2,70101,8,1,2,2,2,4,8
3,16186,114,11,3,70101,8,1,2,3,2,4,6
3,16186,114,11,4,70101,8,1,2,4,2,4,9
3,16186,114,11,5,70101,8,1,5,5,5,4,3
3,16186,127,11,1,70101,8,1,2,1,2,4,6
3,16186,127,11,2,70101,8,1,2,2,2,4,4
3,16186,127,11,3,70101,8,1,2,3,2,4,3
3,16186,127,11,5,70101,8,1,6,5,6,4,3
3,16186,127,11,6,70101,8,1,6,6,6,4,1
3,16186,127,11,7,70101,8,1,6,7,6,4,5
3,16195,8,11,1,70104,8,1,1,1,1,4,8
3,16195,8,11,2,70104,8,1,1,2,1,4,8
3,16195,8,11,3,70104,8,1,0,3,0,99,99
3,16195,8,11,4,70104,8,1,1,4,1,4,1
3,16195,26,11,1,70104,8,1,1,1,1,4,4
3,16195,26,11,2,70104,8,1,2,2,2,4,3
3,16195,26,11,3,70104,8,1,2,3,2,4,5
3,16195,60,11,1,70104,8,1,1,1,1,4,6
3,16195,60,11,2,70104,8,1,1,2,1,4,5
3,16195,94,11,1,70104,8,1,1,1,1,4,4
3,16195,161,11,1,70104,8,1,1,1,1,4,8
3,16222,5,11,1,70101,8,1,2,1,2,4,4
3,16222,5,11,2,70101,8,1,0,2,0,99,99
3,16222,5,11,3,70101,8,1,0,3,0,99,99
3,16222,52,11,1,70101,8,1,1,1,1,4,9
3,16222,52,11,2,70101,8,1,2,2,2,4,4
3,16222,52,11,3,70101,8,1,1,3,1,4,6
3,16222,68,11,1,70101,8,1,1,1,1,4,11
3,16222,68,11,2,70101,8,1,2,2,2,4,10
3,16222,84,11,1,70101,8,1,1,1,1,4,10
3,16222,99,11,1,70101,8,1,2,1,2,4,8
3,16222,99,11,2,70101,8,1,2,2,2,4,10
3,16237,42,11,1,70103,8,1,1,1,1,4,6
3,16237,42,11,2,70103,8,1,1,2,1,4,4
3,16237,42,11,3,70103,8,1,1,3,1,4,3
3,16237,87,11,1,70103,8,1,1,1,1,4,6
3,16237,87,11,2,70103,8,1,2,2,2,4,8
3,16237,87,11,3,70103,8,1,1,3,1,4,5
3,16237,109,12,1,70103,8,1,3,1,3,4,3
3,16237,109,12,2,70103,8,1,3,2,3,4,5
3,16237,109,12,3,70103,8,1,3,3,3,4,8
3,16237,109,22,1,70103,8,1,1,1,1,4,5
3,16237,109,22,2,70103,8,1,2,2,2,4,7
3,16237,109,22,3,70103,8,1,1,3,1,4,10
3,16237,176,11,1,70103,8,1,2,1,2,4,3
3,16237,176,11,2,70103,8,1,2,2,2,4,10
3,16260,20,11,1,70106,8,1,1,1,1,4,5
3,16260,20,11,2,70106,8,1,1,2,1,4,5
3,16260,20,11,3,70106,8,1,1,3,1,4,3
3,16260,40,11,1,70106,8,1,1,1,1,1,3
3,16260,40,11,2,70106,8,1,1,2,1,1,6
3,16260,40,11,3,70106,8,1,3,3,3,4,8
3,16260,40,11,4,70106,8,1,4,4,4,1,5
3,16260,40,11,5,70106,8,1,1,5,1,4,5
3,16260,82,11,1,70106,8,1,1,1,1,4,10
3,16260,82,11,2,70106,8,1,2,2,2,4,8
3,16260,124,11,1,70106,8,1,1,1,1,4,10
3,16260,124,11,2,70106,8,1,1,2,1,4,10
3,16260,124,11,3,70106,8,1,1,3,1,4,3
3,16260,124,11,4,70106,8,1,1,4,1,4,2
3,16260,166,11,1,70106,8,1,1,1,1,4,7
3,16260,166,11,2,70106,8,1,2,2,2,4,8
3,16260,166,11,3,70106,8,1,3,3,3,4,5
3,16260,187,11,1,70106,8,1,1,1,1,4,7
3,16260,187,11,2,70106,8,1,2,2,2,4,6
3,16260,187,11,3,70106,8,1,3,3,3,4,10
3,16260,187,11,4,70106,8,1,2,4,2,4,3
3,16260,187,11,5,70106,8,1,2,5,2,4,3
3,16273,1,11,1,70106,8,1,1,1,1,4,11
3,16273,20,11,1,70106,8,1,1,1,1,1,3
3,16273,20,11,2,70106,8,1,2,2,2,4,7
3,16273,20,11,3,70106,8,1,1,3,1,4,3
3,16273,87,11,1,70106,8,1,1,1,1,4,6
3,16273,175,11,1,70106,8,1,2,1,2,1,4
3,16273,175,11,2,70106,8,1,2,2,2,4,6
3,16278,3,11,1,70101,8,1,1,1,1,4,8
3,16278,15,11,1,70101,8,1,1,1,1,4,6
3,16278,15,11,2,70101,8,1,1,2,1,4,6
3,16278,15,11,3,70101,8,1,3,3,3,4,10
3,16278,15,11,4,70101,8,1,3,4,3,4,8
3,16278,15,11,5,70101,8,1,3,5,3,4,2
3,16278,15,11,6,70101,8,1,6,6,6,4,9
3,16278,28,11,1,70101,8,1,1,1,1,4,9
3,16278,28,11,2,70101,8,1,2,2,2,4,7
3,16278,40,11,1,70101,8,1,1,1,1,4,8
3,16278,65,11,1,70101,8,1,1,1,1,4,6
3,16278,65,11,2,70101,8,1,0,2,0,99,99
3,16278,115,11,1,70101,8,1,2,1,2,4,10
3,16278,115,11,2,70101,8,1,2,2,2,4,10
3,16278,115,11,3,70101,8,1,2,3,2,4,10
3,16303,30,11,1,70101,8,1,1,1,1,1,10
3,16303,30,11,2,70101,8,1,2,2,2,1,8
3,16303,30,11,3,70101,8,1,2,3,2,4,8
3,16303,30,11,4,70101,8,1,2,4,2,4,8
3,16303,30,11,5,70101,8,1,2,5,2,4,2
3,16303,110,11,1,70101,8,1,1,1,1,2,5
3,16303,130,11,1,70101,8,1,3,1,3,1,6
3,16303,130,11,2,70101,8,1,2,2,2,1,6
3,16303,130,11,3,70101,8,1,3,3,3,4,6
3,16303,130,11,4,70101,8,1,4,4,4,4,6
3,16303,151,11,1,70101,8,1,1,1,1,4,8
3,16303,151,11,2,70101,8,1,2,2,2,4,4
3,16303,151,11,3,70101,8,1,3,3,3,4,6
3,16303,151,11,4,70101,8,1,1,4,1,4,3
3,16313,12,11,1,70101,8,1,1,1,1,4,6
3,16313,12,11,2,70101,8,1,2,2,2,4,9
3,16313,12,11,3,70101,8,1,3,3,3,4,6
3,16313,36,11,1,70101,8,1,2,1,2,4,8
3,16313,36,11,2,70101,8,1,0,2,0,99,99
3,16313,36,11,3,70101,8,1,2,3,2,4,12
3,16313,36,11,4,70101,8,1,2,4,2,4,10
3,16313,84,11,1,70101,8,1,1,1,1,1,3
3,16313,84,11,2,70101,8,1,2,2,2,4,3
3,16313,84,11,3,70101,8,1,1,3,1,4,5
3,16313,84,11,4,70101,8,1,4,4,4,4,6
3,16313,181,11,1,70101,8,1,1,1,1,4,8
3,16313,181,11,2,70101,8,1,2,2,2,4,8
3,16313,181,11,3,70101,8,1,1,3,1,4,7
3,16317,13,11,1,70106,8,1,1,1,1,4,5
3,16317,13,11,2,70106,8,1,1,2,1,4,3
3,16317,13,11,3,70106,8,1,1,3,1,4,2
3,16317,26,11,1,70106,8,1,1,1,1,4,6
3,16317,26,11,2,70106,8,1,2,2,2,4,6
3,16317,26,11,3,70106,8,1,2,3,2,4,3
3,16317,51,11,1,70106,8,1,1,1,1,4,6
3,16317,51,11,2,70106,8,1,2,2,2,4,6
3,16317,51,11,3,70106,8,1,2,3,2,4,3
3,16317,51,11,4,70106,8,1,4,4,4,4,5
3,16317,51,11,5,70106,8,1,4,5,4,4,4
3,16317,51,11,7,70106,8,1,7,7,7,4,6
3,16317,75,11,1,70106,8,1,1,1,1,4,6
3,16317,87,11,1,70106,8,1,1,1,1,4,6
3,16317,87,11,2,70106,8,1,1,2,1,4,1
3,16331,37,11,1,70106,8,1,1,1,1,4,7
3,16331,37,11,2,70106,8,1,2,2,2,4,6
3,16331,62,11,1,70106,8,1,2,1,2,4,3
3,16331,62,11,2,70106,8,1,2,2,2,4,6
3,16331,62,11,3,70106,8,1,2,3,2,4,6
3,16331,62,11,4,70106,8,1,3,4,3,4,4
3,16331,62,11,5,70106,8,1,3,5,3,4,3
3,16331,62,11,6,70106,8,1,3,6,3,4,3
3,16331,75,11,1,70106,8,1,2,1,2,4,7
3,16331,75,11,2,70106,8,1,2,2,2,4,5
3,16331,75,11,3,70106,8,1,2,3,2,4,3
3,16331,87,11,1,70106,8,1,1,1,1,4,6
3,16331,87,11,2,70106,8,1,2,2,2,4,6
3,16331,100,11,1,70106,8,1,1,1,1,4,5
3,16331,100,11,2,70106,8,1,2,2,2,4,6
3,17807,64,11,1,150108,8,1,1,1,1,4,10
3,17807,82,11,1,150108,8,1,1,1,1,4,8
3,17807,102,11,1,150108,8,1,1,1,1,4,4
3,17807,102,11,2,150108,8,1,1,2,1,4,7
3,17807,102,11,3,150108,8,1,3,3,3,4,5
3,17807,140,11,1,150108,8,1,2,1,2,4,8
3,17807,140,11,2,150108,8,1,2,2,2,1,7
3,17807,140,11,3,150108,8,1,2,3,2,4,2
3,17807,140,11,4,150108,8,1,4,4,4,4,4
3,17807,157,11,1,150108,8,1,2,1,2,4,6
3,17807,157,11,2,150108,8,1,2,2,2,4,6
3,17807,157,11,3,150108,8,1,2,3,2,4,4
3,17807,176,11,1,150108,8,1,2,1,2,4,10
3,17807,176,11,2,150108,8,1,2,2,2,4,10
3,17807,176,11,3,150108,8,1,2,3,2,4,8
3,17813,19,11,1,150110,8,1,1,1,1,4,6
3,17813,19,11,2,150110,8,1,2,2,2,4,6
3,17813,19,11,3,150110,8,1,3,3,3,4,6
3,17813,36,11,1,150110,8,1,1,1,1,4,6
3,17813,36,11,2,150110,8,1,2,2,2,4,6
3,17813,36,11,3,150110,8,1,2,3,2,4,1
3,17813,36,11,4,150110,8,1,2,4,2,4,6
3,17813,36,11,5,150110,8,1,2,5,2,4,6
3,17813,36,11,6,150110,8,1,2,6,2,4,8
3,17813,36,11,7,150110,8,1,2,7,2,4,2
3,17813,69,11,1,150110,8,1,1,1,1,4,5
3,17813,69,11,2,150110,8,1,2,2,2,4,6
3,17813,69,11,3,150110,8,1,2,3,2,4,3
3,17813,106,11,1,150110,8,1,2,1,2,4,10
3,17813,106,11,2,150110,8,1,2,2,2,4,8
3,17813,122,12,1,150110,8,1,1,1,1,4,3
3,17813,122,12,2,150110,8,1,1,2,1,4,4
3,17813,122,22,1,150110,8,1,1,1,1,4,7
3,17813,122,22,2,150110,8,1,1,2,1,4,4
3,17813,122,22,3,150110,8,1,1,3,1,4,4
3,17813,122,22,4,150110,8,1,1,4,1,4,3
3,17813,122,22,5,150110,8,1,1,5,1,4,3
3,17816,59,11,1,150132,8,1,1,1,1,4,6
3,17816,59,11,2,150132,8,1,2,2,2,4,5
3,17816,77,11,1,150132,8,1,2,1,2,4,4
3,17816,77,11,2,150132,8,1,2,2,2,4,5
3,17816,77,11,3,150132,8,1,3,3,3,4,6
3,17816,77,11,4,150132,8,1,4,4,4,4,9
3,17816,95,11,1,150132,8,1,1,1,1,4,4
3,17816,95,11,2,150132,8,1,2,2,2,4,9
3,17816,95,11,3,150132,8,1,3,3,3,4,10
3,17816,95,11,4,150132,8,1,4,4,4,4,6
3,17816,95,11,5,150132,8,1,5,5,5,4,5
3,17816,95,11,6,150132,8,1,6,6,6,4,5
3,17816,113,11,1,150132,8,1,2,1,2,4,6
3,17816,113,11,2,150132,8,1,2,2,2,4,6
3,17816,113,11,3,150132,8,1,2,3,2,4,8
3,17816,130,11,1,150132,8,1,1,1,1,4,10
3,17816,130,11,2,150132,8,1,1,2,1,4,9
3,17830,3,11,1,150108,8,1,1,1,1,4,6
3,17830,3,11,2,150108,8,1,1,2,1,4,9
3,17830,14,12,1,150108,8,1,1,1,1,4,7
3,17830,14,12,2,150108,8,1,1,2,1,4,5
3,17830,14,22,1,150108,8,1,1,1,1,4,8
3,17830,14,22,2,150108,8,1,2,2,2,4,7
3,17830,14,22,3,150108,8,1,1,3,1,4,3
3,17830,48,11,1,150108,8,1,2,1,2,4,6
3,17830,48,11,2,150108,8,1,2,2,2,4,6
3,17830,48,11,3,150108,8,1,2,3,2,4,6
3,17830,48,11,4,150108,8,1,2,4,2,4,5
3,17830,48,11,5,150108,8,1,2,5,2,4,2
3,17830,55,11,1,150108,8,1,1,1,1,4,6
3,17830,70,11,1,150108,8,1,1,1,1,1,7
3,17830,70,11,2,150108,8,1,0,2,0,99,99
3,17830,70,11,3,150108,8,1,0,3,0,99,99
3,17830,70,11,4,150108,8,1,4,4,4,4,6
3,17830,70,11,5,150108,8,1,0,5,0,99,99
3,17830,70,11,6,150108,8,1,0,6,0,99,99
3,17830,70,11,7,150108,8,1,0,7,0,99,99
3,17839,83,11,1,150136,8,1,1,1,1,4,10
3,17839,83,11,2,150136,8,1,1,2,1,4,10
3,17839,104,11,1,150136,8,1,1,1,1,4,10
3,17839,104,11,2,150136,8,1,2,2,2,4,9
3,17839,104,11,3,150136,8,1,1,3,1,4,9
3,17839,104,11,4,150136,8,1,1,4,1,4,6
3,17839,126,11,1,150136,8,1,1,1,1,4,10
3,17839,126,11,2,150136,8,1,0,2,0,99,99
3,17839,126,11,3,150136,8,1,0,3,0,99,99
3,17839,126,11,4,150136,8,1,0,4,0,99,99
3,17839,189,11,1,150136,8,1,1,1,1,4,8
3,17839,189,11,2,150136,8,1,0,2,0,99,99
3,17861,33,11,1,150112,8,1,1,1,1,4,5
3,17861,33,11,2,150112,8,1,2,2,2,4,6
3,17861,33,11,3,150112,8,1,2,3,2,4,6
3,17861,33,11,4,150112,8,1,2,4,2,4,8
3,17861,123,11,1,150112,8,1,1,1,1,4,6
3,17861,123,11,2,150112,8,1,2,2,2,4,3
3,17861,123,11,3,150112,8,1,3,3,3,4,9
3,17861,123,11,4,150112,8,1,3,4,3,4,3
3,17861,145,11,1,150112,8,1,1,1,1,4,6
3,17861,145,11,2,150112,8,1,1,2,1,4,6
3,17861,145,11,3,150112,8,1,1,3,1,4,4
3,17861,145,11,4,150112,8,1,1,4,1,4,3
3,17861,145,11,5,150112,8,1,1,5,1,4,4
3,17861,230,15,1,150112,8,1,1,1,1,4,5
3,17861,230,15,2,150112,8,1,2,2,2,4,5
3,17861,230,15,3,150112,8,1,1,3,1,4,5
3,17861,230,15,4,150112,8,1,4,4,4,4,6
3,17861,230,15,5,150112,8,1,1,5,1,4,7
3,17861,230,15,6,150112,8,1,6,6,6,4,9
3,17861,230,25,1,150112,8,1,2,1,2,4,6
3,17861,230,25,2,150112,8,1,2,2,2,4,6
3,17861,230,25,3,150112,8,1,3,3,3,4,5
3,17861,230,25,4,150112,8,1,4,4,4,4,4
3,17861,230,35,1,150112,8,1,1,1,1,4,6
3,17861,230,35,2,150112,8,1,1,2,1,4,5
3,17861,230,45,1,150112,8,1,1,1,1,4,7
3,17861,230,45,2,150112,8,1,2,2,2,4,6
3,17861,230,45,3,150112,8,1,3,3,3,4,5
3,17861,230,45,4,150112,8,1,4,4,4,4,3
3,17861,230,55,1,150112,8,1,2,1,2,4,5
3,17861,230,55,2,150112,8,1,2,2,2,4,6
3,17861,230,55,3,150112,8,1,3,3,3,4,9
3,17864,12,11,1,150103,8,1,0,1,0,99,99
3,17864,12,11,2,150103,8,1,2,2,2,4,9
3,17864,12,11,3,150103,8,1,2,3,2,4,5
3,17864,12,11,4,150103,8,1,2,4,2,4,4
3,17864,35,11,1,150103,8,1,1,1,1,4,8
3,17864,35,11,2,150103,8,1,2,2,2,4,8
3,17864,35,11,3,150103,8,1,3,3,3,4,8
3,17864,120,11,1,150103,8,1,1,1,1,4,5
3,17864,120,11,2,150103,8,1,1,2,1,4,6
3,17864,120,11,3,150103,8,1,3,3,3,4,10
3,17864,120,11,4,150103,8,1,4,4,4,4,10
3,17864,185,11,1,150103,8,1,1,1,1,4,6
3,17864,185,11,2,150103,8,1,0,2,0,99,99
3,17864,205,11,1,150103,8,1,1,1,1,4,10
3,17864,205,11,2,150103,8,1,3,2,3,4,5
3,17864,205,11,3,150103,8,1,3,3,3,4,8
3,17892,44,11,1,150140,8,1,1,1,1,4,9
3,17892,44,11,2,150140,8,1,1,2,1,4,6
3,17892,44,11,3,150140,8,1,1,3,1,4,1
3,17892,84,11,1,150140,8,1,1,1,1,4,8
3,17892,84,11,2,150140,8,1,2,2,2,4,6
3,17892,103,11,1,150140,8,1,1,1,1,4,8
3,17892,103,11,2,150140,8,1,1,2,1,4,8
3,17892,103,11,3,150140,8,1,3,3,3,4,9
3,17892,103,11,4,150140,8,1,4,4,4,4,9
3,17892,157,11,1,150140,8,1,2,1,2,4,8
3,17892,157,11,2,150140,8,1,2,2,2,4,8
3,17892,157,11,3,150140,8,1,2,3,2,4,8
3,17892,176,11,1,150140,8,1,1,1,1,4,6
3,17892,176,11,2,150140,8,1,0,2,0,99,99
3,17892,176,11,3,150140,8,1,0,3,0,99,99
3,17908,27,11,1,150128,8,1,1,1,1,4,6
3,17908,27,11,2,150128,8,1,2,2,2,1,1
3,17908,38,11,1,150128,8,1,1,1,1,4,3
3,17908,38,11,2,150128,8,1,2,2,2,4,6
3,17908,38,11,3,150128,8,1,3,3,3,4,5
3,17908,71,11,1,150128,8,1,1,1,1,4,4
3,17908,71,11,2,150128,8,1,1,2,1,4,7
3,17908,71,11,3,150128,8,1,3,3,3,4,6
3,17908,81,11,1,150128,8,1,1,1,1,4,10
3,17908,89,11,1,150128,8,1,1,1,1,4,5
3,17908,89,11,2,150128,8,1,2,2,2,4,6
3,17915,29,11,1,150133,8,1,1,1,1,4,5
3,17915,29,11,2,150133,8,1,1,2,1,4,6
3,17915,42,11,1,150133,8,1,2,1,2,1,6
3,17915,42,11,2,150133,8,1,2,2,2,4,8
3,17915,42,11,3,150133,8,1,3,3,3,4,8
3,17915,42,11,4,150133,8,1,3,4,3,4,5
3,17915,42,11,5,150133,8,1,2,5,2,4,4
3,17915,59,11,1,150133,8,1,1,1,1,1,6
3,17915,59,11,2,150133,8,1,2,2,2,4,5
3,17915,59,11,3,150133,8,1,2,3,2,4,3
3,17915,74,11,1,150133,8,1,1,1,1,1,6
3,17915,74,11,2,150133,8,1,2,2,2,4,8
3,17915,74,11,3,150133,8,1,3,3,3,4,6
3,17927,2,11,1,150132,8,1,1,1,1,4,4
3,17927,2,11,2,150132,8,1,2,2,2,4,5
3,17927,2,11,3,150132,8,1,3,3,3,4,7
3,17927,2,11,4,150132,8,1,1,4,1,4,3
3,17927,2,11,5,150132,8,1,1,5,1,4,3
3,17927,3,11,1,150132,8,1,1,1,1,4,6
3,17927,3,11,2,150132,8,1,2,2,2,4,4
3,17927,3,11,3,150132,8,1,3,3,3,4,5
3,17927,32,11,1,150132,8,1,1,1,1,1,7
3,17927,32,11,2,150132,8,1,2,2,2,1,4
3,17927,32,11,3,150132,8,1,3,3,3,4,9
3,17927,32,11,4,150132,8,1,1,4,1,4,3
3,17934,78,11,1,150130,8,1,1,1,1,4,8
3,17934,78,11,2,150130,8,1,0,2,0,99,99
3,17934,78,11,3,150130,8,1,0,3,0,99,99
3,17942,11,11,1,150117,8,1,1,1,1,4,10
3,17942,11,11,2,150117,8,1,2,2,2,4,8
3,17942,11,11,3,150117,8,1,1,3,1,4,8
3,17942,11,11,4,150117,8,1,1,4,1,4,3
3,17942,11,11,5,150117,8,1,2,5,2,4,9
3,17942,32,11,1,150117,8,1,2,1,2,4,6
3,17942,32,11,2,150117,8,1,2,2,2,4,6
3,17942,32,11,3,150117,8,1,2,3,2,4,10
3,17942,32,11,4,150117,8,1,4,4,4,4,10
3,17942,71,11,1,150117,8,1,1,1,1,4,9
3,17942,90,11,1,150117,8,1,1,1,1,4,3
3,17942,90,11,2,150117,8,1,2,2,2,4,5
3,17962,18,11,1,150133,8,1,1,1,1,4,6
3,17962,18,11,2,150133,8,1,1,2,1,4,8
3,17962,18,11,3,150133,8,1,1,3,1,4,6
3,17962,18,11,4,150133,8,1,1,4,1,4,5
3,17962,18,11,5,150133,8,1,1,5,1,4,10
3,17962,18,11,6,150133,8,1,1,6,1,4,6
3,17962,18,11,7,150133,8,1,1,7,1,4,5
3,17962,81,11,1,150133,8,1,1,1,1,4,5
3,17962,81,11,2,150133,8,1,2,2,2,4,5
3,17962,81,11,3,150133,8,1,3,3,3,4,9
3,17962,121,11,1,150133,8,1,1,1,1,4,4
3,17962,121,11,2,150133,8,1,2,2,2,1,4
3,17962,121,11,3,150133,8,1,3,3,3,4,10
3,17962,142,11,1,150133,8,1,3,1,3,4,4
3,17962,142,11,2,150133,8,1,3,2,3,4,6
3,17962,142,11,3,150133,8,1,3,3,3,4,6
3,17964,4,11,1,150143,8,1,1,1,1,4,10
3,17964,4,11,2,150143,8,1,2,2,2,4,10
3,17964,4,11,3,150143,8,1,3,3,3,4,8
3,17964,19,11,1,150143,8,1,1,1,1,4,5
3,17964,19,11,2,150143,8,1,2,2,2,1,3
3,17964,19,11,3,150143,8,1,3,3,3,4,9
3,17964,19,11,4,150143,8,1,4,4,4,4,10
3,17964,34,11,1,150143,8,1,1,1,1,4,4
3,17964,34,11,2,150143,8,1,1,2,1,1,4
3,17964,34,11,3,150143,8,1,3,3,3,4,9
3,17964,34,11,4,150143,8,1,3,4,3,4,6
3,17964,34,11,5,150143,8,1,3,5,3,4,5
3,17964,61,11,1,150143,8,1,1,1,1,1,1
3,17964,61,11,2,150143,8,1,2,2,2,1,4
3,17964,61,11,3,150143,8,1,3,3,3,4,6
3,17964,76,11,1,150143,8,1,2,1,2,1,5
3,17964,76,11,2,150143,8,1,2,2,2,1,6
3,17964,76,11,3,150143,8,1,3,3,3,4,5
3,17964,76,11,4,150143,8,1,2,4,2,4,3
3,17964,76,11,5,150143,8,1,2,5,2,4,3
3,17964,91,11,1,150143,8,1,1,1,1,4,6
3,17964,91,11,2,150143,8,1,1,2,1,4,6
3,17964,91,11,3,150143,8,1,1,3,1,4,8
3,17964,91,11,4,150143,8,1,1,4,1,4,5
3,17992,2,11,1,150118,8,1,1,1,1,4,6
3,17992,2,11,2,150118,8,1,2,2,2,4,6
3,17992,2,11,3,150118,8,1,3,3,3,4,10
3,17992,2,11,4,150118,8,1,4,4,4,4,9
3,17992,20,11,1,150118,8,1,1,1,1,4,9
3,17992,20,11,2,150118,8,1,2,2,2,4,9
3,17992,20,11,3,150118,8,1,1,3,1,4,5
3,17992,38,11,1,150118,8,1,1,1,1,4,7
3,17992,38,11,2,150118,8,1,0,2,0,99,99
3,17992,56,11,1,150118,8,1,1,1,1,4,6
3,17992,74,11,1,150118,8,1,1,1,1,4,9
3,17992,108,11,1,150118,8,1,1,1,1,4,8
3,17992,108,11,2,150118,8,1,1,2,1,4,7
3,17992,108,11,3,150118,8,1,1,3,1,4,4
3,17992,108,11,4,150118,8,1,1,4,1,4,3
3,18025,2,11,1,150123,8,1,2,1,2,4,6
3,18025,2,11,2,150123,8,1,2,2,2,4,11
3,18025,2,11,3,150123,8,1,2,3,2,4,3
3,18025,21,11,1,150123,8,1,1,1,1,4,6
3,18025,21,11,2,150123,8,1,2,2,2,4,5
3,18025,29,11,1,150123,8,1,1,1,1,4,6
3,18025,29,11,2,150123,8,1,2,2,2,4,6
3,18025,29,11,3,150123,8,1,1,3,1,4,3
3,18025,39,11,1,150123,8,1,2,1,2,1,7
3,18025,39,11,2,150123,8,1,2,2,2,1,3
3,18025,39,11,3,150123,8,1,3,3,3,4,6
3,18025,39,11,4,150123,8,1,4,4,4,4,6
3,18025,39,11,6,150123,8,1,6,6,6,4,6
3,18025,58,11,1,150123,8,1,2,1,2,4,6
3,18025,58,11,2,150123,8,1,2,2,2,1,6
3,18025,58,11,3,150123,8,1,2,3,2,4,3
3,18025,58,11,4,150123,8,1,2,4,2,4,2
3,18028,11,11,1,150120,8,1,1,1,1,4,10
3,18028,11,11,2,150120,8,1,2,2,2,4,9
3,18028,11,11,3,150120,8,1,2,3,2,4,7
3,18028,11,11,4,150120,8,1,1,4,1,4,6
3,18028,11,11,5,150120,8,1,6,5,6,4,6
3,18028,11,11,6,150120,8,1,2,6,2,4,6
3,18028,11,11,7,150120,8,1,1,7,1,4,3
3,18028,50,11,1,150120,8,1,1,1,1,4,10
3,18028,50,11,2,150120,8,1,1,2,1,4,10
3,18028,50,11,3,150120,8,1,0,3,0,99,99
3,18028,50,11,4,150120,8,1,4,4,4,4,9
3,18028,101,11,1,150120,8,1,0,1,0,99,99
3,18028,101,11,2,150120,8,1,2,2,2,4,10
3,18028,101,11,3,150120,8,1,0,3,0,99,99
3,18028,114,11,1,150120,8,1,1,1,1,4,11
3,18028,114,11,2,150120,8,1,1,2,1,4,11
3,18042,18,11,1,150101,8,1,1,1,1,4,6
3,18042,18,11,2,150101,8,1,2,2,2,4,6
3,18042,18,11,3,150101,8,1,1,3,1,4,9
3,18042,18,11,4,150101,8,1,1,4,1,4,5
3,18042,41,11,1,150101,8,1,1,1,1,4,6
3,18042,41,11,2,150101,8,1,2,2,2,1,10
3,18042,41,11,3,150101,8,1,1,3,1,4,10
3,18042,41,11,4,150101,8,1,4,4,4,4,9
3,18042,41,11,5,150101,8,1,5,5,5,4,11
3,18042,107,11,1,150101,8,1,1,1,1,4,6
3,18042,107,11,2,150101,8,1,2,2,2,4,6
3,18042,107,11,3,150101,8,1,2,3,2,4,4
3,18042,130,11,1,150101,8,1,1,1,1,4,4
3,18042,130,11,2,150101,8,1,1,2,1,4,6
3,18048,5,11,1,150135,8,1,1,1,1,4,6
3,18048,5,11,2,150135,8,1,0,2,0,99,99
3,18048,5,11,3,150135,8,1,0,3,0,99,99
3,18048,5,11,4,150135,8,1,0,4,0,99,99
3,18048,51,11,1,150135,8,1,1,1,1,1,4
3,18048,51,11,2,150135,8,1,2,2,2,1,3
3,18048,97,11,1,150135,8,1,1,1,1,1,4
3,18048,97,11,2,150135,8,1,2,2,2,4,10
3,18048,97,11,3,150135,8,1,2,3,2,4,4
3,18048,145,11,1,150135,8,1,1,1,1,4,4
3,18048,145,11,2,150135,8,1,2,2,2,4,4
3,18048,167,11,1,150135,8,1,1,1,1,1,5
3,18048,167,11,2,150135,8,1,2,2,2,4,6
3,18048,167,11,3,150135,8,1,2,3,2,4,7
3,18048,189,12,1,150135,8,1,1,1,1,4,8
3,18048,189,12,2,150135,8,1,1,2,1,4,6
3,18048,189,22,1,150135,8,1,0,1,0,99,99
3,18048,189,22,2,150135,8,1,2,2,2,4,5
3,18048,189,22,3,150135,8,1,0,3,0,99,99
3,18048,189,22,4,150135,8,1,0,4,0,99,99
3,18062,13,11,1,150125,8,1,1,1,1,2,5
3,18062,13,11,2,150125,8,1,1,2,1,4,6
3,18062,13,11,3,150125,8,1,1,3,1,4,2
3,18062,21,11,1,150125,8,1,1,1,1,4,3
3,18062,21,11,2,150125,8,1,1,2,1,8,1
3,18062,21,11,3,150125,8,1,3,3,3,4,5
3,18062,21,11,4,150125,8,1,1,4,1,4,3
3,18062,21,11,5,150125,8,1,1,5,1,4,3
3,18062,28,11,1,150125,8,1,1,1,1,1,6
3,18062,28,11,2,150125,8,1,2,2,2,1,4
3,18062,28,11,3,150125,8,1,3,3,3,4,9
3,18062,28,11,4,150125,8,1,4,4,4,4,6
3,18062,28,11,5,150125,8,1,5,5,5,4,8
3,18062,28,11,6,150125,8,1,6,6,6,4,8
3,18062,28,11,7,150125,8,1,5,7,5,4,2
3,18062,60,11,1,150125,8,1,1,1,1,4,6
3,18062,60,11,2,150125,8,1,2,2,2,4,6
3,18062,60,11,3,150125,8,1,2,3,2,4,3
3,18062,67,11,1,150125,8,1,1,1,1,4,1
3,18062,67,11,2,150125,8,1,1,2,1,1,1
3,18074,73,11,1,150101,8,1,2,1,2,4,8
3,18074,73,11,2,150101,8,1,2,2,2,4,8
3,18074,73,11,3,150101,8,1,3,3,3,4,9
3,18074,73,11,4,150101,8,1,4,4,4,4,5
3,18074,94,11,1,150101,8,1,1,1,1,4,10
3,18074,94,11,2,150101,8,1,1,2,1,4,3
3,18074,94,11,3,150101,8,1,3,3,3,4,7
3,18074,136,11,1,150101,8,1,1,1,1,4,10
3,18074,136,11,2,150101,8,1,1,2,1,4,10
3,18074,136,11,3,150101,8,1,1,3,1,4,10
3,18074,136,11,4,150101,8,1,1,4,1,4,10
3,18074,136,11,5,150101,8,1,1,5,1,4,6
3,18076,40,11,1,150120,8,1,2,1,2,4,6
3,18076,40,11,2,150120,8,1,2,2,2,4,5
3,18076,40,11,3,150120,8,1,2,3,2,4,4
3,18076,56,11,1,150120,8,1,1,1,1,2,6
3,18076,56,11,2,150120,8,1,2,2,2,4,6
3,18076,56,11,3,150120,8,1,3,3,3,4,9
3,18076,56,11,4,150120,8,1,4,4,4,4,9
3,18076,56,11,5,150120,8,1,5,5,5,4,6
3,18076,56,11,6,150120,8,1,1,6,1,4,5
3,18076,72,11,1,150120,8,1,1,1,1,4,1
3,18076,87,11,1,150120,8,1,1,1,1,4,10
3,18076,87,11,2,150120,8,1,1,2,1,4,11
3,18076,87,11,3,150120,8,1,1,3,1,4,3
3,18076,87,11,4,150120,8,1,1,4,1,4,3
3,18088,34,11,1,150118,8,1,1,1,1,4,9
3,18088,34,11,2,150118,8,1,2,2,2,4,9
3,18088,34,11,3,150118,8,1,2,3,2,4,1
3,18088,34,11,4,150118,8,1,4,4,4,4,10
3,18088,77,11,1,150118,8,1,1,1,1,1,4
3,18088,77,11,2,150118,8,1,2,2,2,4,4
3,18088,77,11,3,150118,8,1,1,3,1,4,7
3,18088,77,11,4,150118,8,1,1,4,1,4,10
3,18088,77,11,5,150118,8,1,1,5,1,4,5
3,18088,77,11,6,150118,8,1,1,6,1,4,3
3,18088,101,11,1,150118,8,1,1,1,1,4,10
3,18088,101,11,2,150118,8,1,2,2,2,4,10
3,18088,138,11,1,150118,8,1,1,1,1,4,10
3,18088,162,11,1,150118,8,1,1,1,1,4,10
3,18088,162,11,2,150118,8,1,1,2,1,4,8
3,18088,162,11,3,150118,8,1,1,3,1,4,8
3,18100,28,11,1,150132,8,1,1,1,1,4,10
3,18100,28,11,2,150132,8,1,2,2,2,4,8
3,18100,43,11,1,150132,8,1,1,1,1,4,6
3,18100,89,11,1,150132,8,1,1,1,1,4,6
3,18100,134,11,1,150132,8,1,1,1,1,4,8
3,18100,134,11,2,150132,8,1,1,2,1,4,10
3,18100,134,11,3,150132,8,1,1,3,1,4,10
3,18100,134,11,4,150132,8,1,1,4,1,4,6
3,18121,5,11,1,150103,8,1,2,1,2,4,10
3,18121,5,11,2,150103,8,1,2,2,2,4,11
3,18121,5,11,3,150103,8,1,2,3,2,4,12
3,18121,74,11,1,150103,8,1,1,1,1,4,10
3,18121,74,11,2,150103,8,1,2,2,2,4,6
3,18121,74,11,3,150103,8,1,3,3,3,4,10
3,18121,74,11,4,150103,8,1,3,4,3,4,6
3,18121,132,11,1,150103,8,1,2,1,2,4,8
3,18121,132,11,2,150103,8,1,2,2,2,4,11
3,18121,132,11,3,150103,8,1,2,3,2,4,6
3,18150,5,11,1,150111,8,1,3,1,3,4,6
3,18150,5,11,2,150111,8,1,3,2,3,4,6
3,18150,5,11,3,150111,8,1,3,3,3,4,8
3,18150,5,11,4,150111,8,1,3,4,3,4,7
3,18150,5,11,5,150111,8,1,3,5,3,4,6
3,18150,5,11,6,150111,8,1,3,6,3,4,3
3,18150,25,11,1,150111,8,1,1,1,1,4,4
3,18150,25,11,2,150111,8,1,1,2,1,4,3
3,18150,86,11,1,150111,8,1,1,1,1,4,3
3,18150,86,11,2,150111,8,1,2,2,2,4,7
3,18150,86,11,3,150111,8,1,2,3,2,4,6
3,18150,86,11,4,150111,8,1,1,4,1,4,6
3,18150,86,11,5,150111,8,1,2,5,2,4,1
3,18169,16,11,1,150135,8,1,1,1,1,4,5
3,18169,32,11,1,150135,8,1,1,1,1,4,8
3,18169,32,11,2,150135,8,1,0,2,0,99,99
3,18169,32,11,3,150135,8,1,0,3,0,99,99
3,18169,32,11,4,150135,8,1,4,4,4,4,10
3,18169,65,11,1,150135,8,1,1,1,1,4,9
3,18169,65,11,2,150135,8,1,2,2,2,4,9
3,18169,65,11,3,150135,8,1,1,3,1,4,3
3,18169,65,11,4,150135,8,1,1,4,1,4,6
3,18169,65,11,5,150135,8,1,1,5,1,4,5
3,18169,114,11,1,150135,8,1,1,1,1,4,7
3,18169,114,11,2,150135,8,1,0,2,0,99,99
3,18169,114,11,3,150135,8,1,0,3,0,99,99
3,18169,147,11,1,150135,8,1,1,1,1,4,10
3,18169,147,11,2,150135,8,1,1,2,1,4,11
3,18169,147,11,3,150135,8,1,1,3,1,4,6
3,18197,9,11,1,150103,8,1,2,1,2,1,5
3,18197,9,11,2,150103,8,1,2,2,2,1,5
3,18197,9,11,3,150103,8,1,2,3,2,4,10
3,18197,32,11,1,150103,8,1,0,1,0,99,99
3,18197,32,11,2,150103,8,1,3,2,3,4,7
3,18197,32,11,3,150103,8,1,3,3,3,4,10
3,18197,32,11,4,150103,8,1,3,4,3,4,2
3,18197,42,11,1,150103,8,1,1,1,1,4,6
3,18197,62,11,1,150103,8,1,2,1,2,1,4
3,18197,62,11,2,150103,8,1,2,2,2,4,6
3,18203,42,11,1,150143,8,1,0,1,0,99,99
3,18203,42,11,2,150143,8,1,0,2,0,99,99
3,18203,42,11,3,150143,8,1,3,3,3,4,9
3,18203,42,11,4,150143,8,1,4,4,4,4,6
3,18203,185,11,1,150143,8,1,1,1,1,4,6
3,18203,185,11,2,150143,8,1,1,2,1,4,6
3,18203,185,11,3,150143,8,1,3,3,3,4,6
3,18203,209,11,1,150143,8,1,2,1,2,4,6
3,18203,209,11,2,150143,8,1,2,2,2,4,8
3,18203,209,11,3,150143,8,1,2,3,2,4,2
3,18210,6,11,1,150142,8,1,1,1,1,4,6
3,18210,6,11,2,150142,8,1,2,2,2,4,6
3,18210,6,11,3,150142,8,1,2,3,2,4,3
3,18210,14,11,1,150142,8,1,1,1,1,4,6
3,18210,14,11,2,150142,8,1,2,2,2,4,5
3,18210,14,11,3,150142,8,1,2,3,2,4,3
3,18210,31,11,1,150142,8,1,2,1,2,1,5
3,18210,31,11,2,150142,8,1,2,2,2,1,6
3,18210,31,11,3,150142,8,1,3,3,3,4,8
3,18210,31,11,4,150142,8,1,4,4,4,4,6
3,18210,39,11,1,150142,8,1,1,1,1,4,6
3,18210,39,11,2,150142,8,1,2,2,2,4,10
3,18210,39,11,3,150142,8,1,3,3,3,4,9
3,18210,47,12,1,150142,8,1,1,1,1,4,8
3,18210,47,12,2,150142,8,1,2,2,2,4,7
3,18210,47,22,1,150142,8,1,1,1,1,4,5
3,18210,47,22,2,150142,8,1,1,2,1,4,4
3,18217,23,11,1,150101,8,1,1,1,1,4,7
3,18217,23,11,2,150101,8,1,2,2,2,4,7
3,18217,23,11,3,150101,8,1,1,3,1,4,7
3,18217,23,11,4,150101,8,1,4,4,4,4,8
3,18217,23,11,5,150101,8,1,4,5,4,4,2
3,18217,80,11,1,150101,8,1,0,1,0,99,99
3,18217,80,11,2,150101,8,1,0,2,0,99,99
3,18217,80,11,3,150101,8,1,0,3,0,99,99
3,18217,80,11,4,150101,8,1,4,4,4,4,9
3,18217,121,11,1,150101,8,1,1,1,1,4,10
3,18237,6,11,1,150135,8,1,1,1,1,4,11
3,18237,6,11,2,150135,8,1,2,2,2,4,11
3,18237,6,11,3,150135,8,1,1,3,1,4,9
3,18237,6,11,4,150135,8,1,1,4,1,4,9
3,18237,6,11,5,150135,8,1,1,5,1,4,9
3,18237,34,11,1,150135,8,1,1,1,1,4,6
3,18237,34,11,2,150135,8,1,1,2,1,4,5
3,18237,34,11,3,150135,8,1,1,3,1,4,6
3,18237,34,11,4,150135,8,1,1,4,1,4,9
3,18246,37,11,1,150115,8,1,0,1,0,99,99
3,18246,37,11,2,150115,8,1,0,2,0,99,99
3,18246,37,11,3,150115,8,1,3,3,3,4,8
3,18246,37,11,4,150115,8,1,0,4,0,99,99
3,18246,67,11,1,150115,8,1,1,1,1,1,5
3,18246,67,11,2,150115,8,1,2,2,2,4,5
3,18246,67,11,3,150115,8,1,1,3,1,4,4
3,18246,82,11,1,150115,8,1,1,1,1,4,6
3,18246,82,11,2,150115,8,1,1,2,1,4,1
3,18246,97,11,1,150115,8,1,2,1,2,4,6
3,18246,97,11,2,150115,8,1,2,2,2,4,6
3,18246,97,11,3,150115,8,1,2,3,2,4,8
3,18246,97,11,4,150115,8,1,2,4,2,4,6
3,18246,97,11,5,150115,8,1,2,5,2,4,3
3,18259,6,11,1,150139,8,1,1,1,1,4,10
3,18259,6,11,2,150139,8,1,1,2,1,4,2
3,18259,33,11,1,150139,8,1,1,1,1,4,6
3,18259,33,11,2,150139,8,1,1,2,1,4,1
3,18259,60,11,1,150139,8,1,2,1,2,4,6
3,18259,60,11,2,150139,8,1,2,2,2,4,8
3,18259,60,11,3,150139,8,1,2,3,2,4,3
3,18259,74,11,1,150139,8,1,1,1,1,1,6
3,18259,74,11,2,150139,8,1,1,2,1,1,4
3,18259,113,11,1,150139,8,1,2,1,2,4,6
3,18259,113,11,2,150139,8,1,2,2,2,4,4
3,18259,113,11,3,150139,8,1,2,3,2,4,5
3,18259,113,11,4,150139,8,1,2,4,2,4,4
3,18276,10,11,1,150117,8,1,1,1,1,1,6
3,18276,10,11,2,150117,8,1,1,2,1,1,10
3,18276,65,11,1,150117,8,1,2,1,2,4,9
3,18276,65,11,2,150117,8,1,2,2,2,4,10
3,18276,65,11,3,150117,8,1,2,3,2,4,3
3,18276,149,11,1,150117,8,1,1,1,1,4,10
3,18276,149,11,2,150117,8,1,2,2,2,4,10
3,18276,149,11,3,150117,8,1,1,3,1,4,8
3,18276,183,11,1,150117,8,1,1,1,1,4,9
3,18276,183,11,2,150117,8,1,1,2,1,4,6
3,18277,16,11,1,150112,8,1,1,1,1,4,6
3,18277,16,11,2,150112,8,1,1,2,1,4,6
3,18277,16,11,3,150112,8,1,1,3,1,4,5
3,18277,16,11,4,150112,8,1,1,4,1,4,1
3,18277,58,11,1,150112,8,1,3,1,3,1,3
3,18277,58,11,2,150112,8,1,3,2,3,1,1
3,18277,58,11,3,150112,8,1,3,3,3,4,8
3,18277,58,11,4,150112,8,1,4,4,4,4,8
3,18277,58,11,5,150112,8,1,3,5,3,4,10
3,18277,99,11,1,150112,8,1,5,1,5,4,10
3,18277,99,11,2,150112,8,1,2,2,2,4,8
3,18277,99,11,3,150112,8,1,5,3,5,4,8
3,18277,99,11,4,150112,8,1,5,4,5,4,7
3,18277,99,11,5,150112,8,1,5,5,5,4,10
3,18277,99,11,6,150112,8,1,5,6,5,4,4
3,18277,160,11,1,150112,8,1,4,1,4,4,10
3,18277,160,11,2,150112,8,1,4,2,4,4,5
3,18277,160,11,3,150112,8,1,4,3,4,4,4
3,18277,160,11,4,150112,8,1,4,4,4,1,11
3,18277,181,11,1,150112,8,1,1,1,1,4,9
3,18277,181,11,2,150112,8,1,1,2,1,4,9
3,18278,22,11,1,150103,8,1,1,1,1,4,7
3,18278,22,11,2,150103,8,1,2,2,2,4,4
3,18278,22,11,3,150103,8,1,1,3,1,4,1
3,18278,79,11,1,150103,8,1,1,1,1,4,4
3,18278,103,11,1,150103,8,1,1,1,1,4,10
3,18278,103,11,2,150103,8,1,1,2,1,4,5
3,18290,7,11,1,150132,8,1,1,1,1,4,3
3,18290,7,11,2,150132,8,1,1,2,1,4,6
3,18290,7,11,3,150132,8,1,3,3,3,4,9
3,18290,7,11,4,150132,8,1,4,4,4,4,6
3,18290,27,11,1,150132,8,1,1,1,1,1,8
3,18290,27,11,2,150132,8,1,1,2,1,4,9
3,18290,27,11,3,150132,8,1,1,3,1,4,3
3,18290,68,11,1,150132,8,1,1,1,1,1,7
3,18290,68,11,2,150132,8,1,2,2,2,4,8
3,18290,68,11,3,150132,8,1,2,3,2,4,10
3,18290,68,11,4,150132,8,1,2,4,2,4,9
3,18290,68,11,5,150132,8,1,0,5,0,99,99
3,18290,68,11,6,150132,8,1,0,6,0,99,99
3,18290,129,11,1,150132,8,1,1,1,1,4,8
3,18290,129,11,2,150132,8,1,1,2,1,4,8
3,18290,129,11,3,150132,8,1,1,3,1,4,9
3,18290,129,11,4,150132,8,1,1,4,1,4,5
3,18290,129,11,5,150132,8,1,1,5,1,4,3
3,18290,149,11,1,150132,8,1,2,1,2,4,9
3,18290,149,11,2,150132,8,1,2,2,2,4,10
3,18290,149,11,3,150132,8,1,2,3,2,4,1
3,18302,13,11,1,150103,8,1,1,1,1,1,8
3,18302,13,11,2,150103,8,1,1,2,1,4,10
3,18302,13,11,3,150103,8,1,1,3,1,4,3
3,18302,13,11,4,150103,8,1,4,4,4,4,10
3,18302,13,11,5,150103,8,1,4,5,4,4,3
3,18302,25,11,1,150103,8,1,2,1,2,1,6
3,18302,25,11,2,150103,8,1,2,2,2,2,7
3,18302,25,11,3,150103,8,1,2,3,2,4,3
3,18302,25,11,4,150103,8,1,2,4,2,4,1
3,18302,107,11,1,150103,8,1,2,1,2,4,8
3,18302,107,11,2,150103,8,1,2,2,2,4,6
3,18302,107,11,3,150103,8,1,3,3,3,4,9
3,18302,122,11,1,150103,8,1,2,1,2,4,6
3,18302,122,11,2,150103,8,1,2,2,2,4,6
3,18302,122,11,3,150103,8,1,3,3,3,4,10
3,18302,122,11,4,150103,8,1,4,4,4,4,5
3,18302,135,11,1,150103,8,1,1,1,1,1,5
3,18302,135,11,2,150103,8,1,2,2,2,4,3
3,18302,135,11,3,150103,8,1,2,3,2,4,5
3,18317,19,11,1,150122,8,1,1,1,1,4,8
3,18317,19,11,2,150122,8,1,2,2,2,4,6
3,18317,75,11,1,150122,8,1,2,1,2,4,10
3,18317,75,11,2,150122,8,1,2,2,2,4,11
3,18317,75,11,3,150122,8,1,2,3,2,4,5
3,18317,89,11,1,150122,8,1,1,1,1,4,10
3,18317,89,11,2,150122,8,1,1,2,1,4,4
3,18317,89,11,3,150122,8,1,1,3,1,4,10
3,18317,117,11,1,150122,8,1,1,1,1,4,6
3,18317,117,11,2,150122,8,1,2,2,2,4,9
3,18317,131,11,1,150122,8,1,1,1,1,4,8
3,18317,131,11,2,150122,8,1,2,2,2,4,6
3,18345,16,13,1,150143,8,1,1,1,1,4,3
3,18345,16,13,2,150143,8,1,2,2,2,4,1
3,18345,16,23,1,150143,8,1,1,1,1,4,10
3,18345,16,23,2,150143,8,1,1,2,1,4,8
3,18345,16,23,3,150143,8,1,1,3,1,4,6
3,18345,16,23,4,150143,8,1,1,4,1,4,5
3,18345,16,23,5,150143,8,1,1,5,1,4,2
3,18345,16,33,1,150143,8,1,1,1,1,4,6
3,18345,16,33,2,150143,8,1,1,2,1,4,6
3,18345,16,33,3,150143,8,1,1,3,1,4,2
3,18345,34,11,1,150143,8,1,1,1,1,4,6
3,18345,34,11,2,150143,8,1,2,2,2,1,6
3,18345,101,11,1,150143,8,1,5,1,5,4,6
3,18345,101,11,2,150143,8,1,5,2,5,4,6
3,18345,101,11,3,150143,8,1,5,3,5,4,7
3,18345,101,11,4,150143,8,1,5,4,5,4,2
3,18345,101,11,5,150143,8,1,5,5,5,4,8
3,18345,101,11,6,150143,8,1,5,6,5,4,1
3,18345,118,11,1,150143,8,1,1,1,1,4,6
3,18354,26,11,1,150110,8,1,1,1,1,4,8
3,18354,42,11,1,150110,8,1,2,1,2,4,6
3,18354,42,11,2,150110,8,1,2,2,2,1,6
3,18354,42,11,3,150110,8,1,2,3,2,4,2
3,18354,59,11,1,150110,8,1,1,1,1,4,4
3,18354,59,11,2,150110,8,1,2,2,2,4,6
3,18354,75,11,1,150110,8,1,1,1,1,1,8
3,18354,75,11,2,150110,8,1,2,2,2,1,6
3,18354,75,11,3,150110,8,1,2,3,2,4,3
3,18354,75,11,4,150110,8,1,2,4,2,4,1
3,18354,125,11,1,150110,8,1,1,1,1,4,4
3,18354,125,11,2,150110,8,1,2,2,2,4,6
3,18354,125,11,3,150110,8,1,1,3,1,4,3
3,18354,139,11,1,150110,8,1,1,1,1,4,6
3,18354,139,11,2,150110,8,1,2,2,2,4,10
3,18354,139,11,3,150110,8,1,1,3,1,4,9
3,20678,49,11,1,70101,8,1,1,1,1,4,9
3,20678,49,11,2,70101,8,1,1,2,1,4,9
3,20678,49,11,3,70101,8,1,1,3,1,4,3
3,20678,107,11,1,70101,8,1,1,1,1,4,6
3,20678,107,11,2,70101,8,1,2,2,2,4,9
3,20678,127,11,1,70101,8,1,1,1,1,4,6
3,20678,127,11,2,70101,8,1,2,2,2,4,8
3,20678,127,11,3,70101,8,1,3,3,3,4,8
3,20678,127,11,4,70101,8,1,3,4,3,4,10
3,20678,127,11,5,70101,8,1,5,5,5,4,8
3,20678,127,11,6,70101,8,1,5,6,5,4,3
3,20678,127,11,7,70101,8,1,5,7,5,4,3
